{"cameraMode":{"drawMode":0,"name":"Shaded","section":"Shading Mode"},"sceneLighting":true,"audioPlay":false,"sceneViewState":{"showFog":true,"showMaterialUpdate":false,"showSkybox":true,"showFlares":true,"showImageEffects":true,"showParticleSystems":true},"in2DMode":false,"pivot":{"x":-1.2877445220947266,"y":0.27564728260040285,"z":3.184391498565674},"rotation":{"x":0.06314972788095474,"y":-0.7574149370193481,"z":0.07408305257558823,"w":0.6456369757652283},"size":3.0647807121276857,"orthographic":false}