{"cameraMode":{"drawMode":0,"name":"Shaded","section":"Shading Mode"},"sceneLighting":true,"audioPlay":false,"sceneViewState":{"showFog":true,"showMaterialUpdate":false,"showSkybox":true,"showFlares":true,"showImageEffects":true,"showParticleSystems":true},"in2DMode":false,"pivot":{"x":-8.179529190063477,"y":2.2715134620666506,"z":7.2168803215026859},"rotation":{"x":0.0005129482015036047,"y":0.999433159828186,"z":-0.028491530567407609,"w":0.017991824075579644},"size":3.9874584674835207,"orthographic":false}