{"cameraMode":{"drawMode":0,"name":"Shaded","section":"Shading Mode"},"sceneLighting":true,"audioPlay":false,"sceneViewState":{"showFog":true,"showMaterialUpdate":false,"showSkybox":true,"showFlares":true,"showImageEffects":true,"showParticleSystems":true},"in2DMode":false,"pivot":{"x":-4.243255615234375,"y":-2.7812952995300295,"z":7.336550712585449},"rotation":{"x":-0.08472730964422226,"y":0.8980255126953125,"z":-0.19846002757549287,"w":-0.3833894729614258},"size":7.631503105163574,"orthographic":false}