{"cameraMode":{"drawMode":0,"name":"Shaded","section":"Shading Mode"},"sceneLighting":false,"audioPlay":false,"sceneViewState":{"showFog":true,"showMaterialUpdate":false,"showSkybox":false,"showFlares":true,"showImageEffects":true,"showParticleSystems":true},"in2DMode":false,"pivot":{"x":0.4198799431324005,"y":-1.2282317876815797,"z":-1.965163230895996},"rotation":{"x":0.003961906302720308,"y":0.9875375032424927,"z":-0.15531785786151887,"w":0.025188181549310685},"size":5.1546149253845219,"orthographic":false}